<?xml version="1.0" encoding="UTF-8"?>
<project-private xmlns="http://www.netbeans.org/ns/project-private/1">
    <editor-bookmarks xmlns="http://www.netbeans.org/ns/editor-bookmarks/2" lastBookmarkId="0"/>
    <open-files xmlns="http://www.netbeans.org/ns/projectui-open-files/2">
        <group>
            <file>file:/C:/Users/nutnu/OneDrive/Desktop/Student/OOP2%20344-342/mini_project/src/mini_project/room_status.java</file>
            <file>file:/C:/Users/nutnu/OneDrive/Desktop/Student/OOP2%20344-342/mini_project/src/mini_project/login.java</file>
            <file>file:/C:/Users/nutnu/OneDrive/Desktop/Student/OOP2%20344-342/mini_project/src/mini_project/check_room.java</file>
            <file>file:/C:/Users/nutnu/OneDrive/Desktop/Student/OOP2%20344-342/mini_project/src/mini_project/Main.java</file>
            <file>file:/C:/Users/nutnu/OneDrive/Desktop/Student/OOP2%20344-342/mini_project/src/mini_project/unbooking.java</file>
        </group>
    </open-files>
</project-private>
